{
	"name": "cd-templates",
	"path": "core/cd-templates",
	"0": {
		"title": "Описание",
		"descr": "Данный шаблонизатор был написан как альтернатива существующим не потому, что мне было лень разбираться с ними, а в силу того, что у них отсутствовало: скорость, простота, гибкость, устойчивость.<br><br>Потому пришлось выбрать путь проверки написания таковых при помощи регулярных выражений.<br>Они и быстрее работают, и в случае сбоя/ошибки/какого-либо ещё дефекта - просто выводят текст, который вышел ЗА рамки маски"
	},
	"1": {
		"title": "Комментарии кода",
		"descr": "Позволяет делать комментарии в коде, которые будут не видны на сайте, но будут оставаться в коде. Удобно если нужно сделать навигацию по шаблонам скрытую от посторонних глаз",
		"code": {
			"tpl": "///*** блок скрытого текста ***///"
		}
	},
	"2": {
		"title": "Подключение",
		"descr": "Подключение различных данных в указанных местах по сайту",
		"demo": "{include $1=\"$2\"}",
		"params": [
			{
				"type": "-",
				"name": "1",
				"descr": "указывает на то, какого рода подключение нужно произвести (<a href=\"\">модуль</a>/<a href=\"\">шаблон</a>/<a href=\"\">содержимое</a>/<a href=\"\">миксин</a>)"
			},
			{
				"type": "-",
				"name": "2",
				"descr": "указание на то, какой файл нужно для этого искать"
			}
		],
		"code": [
			{"tpl": "{include module=\"menu&key1=val1\"}"},
			{"tpl": "{include module=\"menu\"}"},
			{"tpl": "{include templates=\"head\"}"},
			{"tpl": "{include content=\"svg/logo.svg\"}"},
			{"tpl": "{include mixin=\"items\"}"}
		]
	},
	"3": {
		"title": "Конфигурация",
		"descr": "Позволяет получить данные из конфигурации",
		"demo": "{C_$1([$2])}<br><small>(в скобках указана строка не обязательная к заполнению)</small>",
		"params": [
			{
				"type": "-",
				"name": "1",
				"descr": "указывает на то, что нужно получить"
			},
			{
				"type": "-",
				"name": "2",
				"descr": "указывает ключ в массиве, если первый параметр является массивом"
			}
		],
		"code": {
			"tpl": "{C_default_http_local}"
		}
	}
}